"","Df","Sum Sq","Mean Sq","F value","Pr(>F)"
"dcat",1,37.7119355823922,37.7119355823922,14.1311180326919,0.000254361024830676
"twigcat",1,0.00875003599252577,0.00875003599252577,0.00327874423550977,0.954423765310751
"Residuals",133,354.939178970448,2.66871563135675,NA,NA
