"","Df","Sum Sq","Mean Sq","F value","Pr(>F)"
"dcat",1,113.056309529921,113.056309529921,80.8607005121182,6.12276115501581e-16
"scat",1,7.48985927590206,7.48985927590206,5.35693470187388,0.0218954636361422
"Residuals",162,226.502145391411,1.39816139130501,NA,NA
