"","Df","Sum Sq","Mean Sq","F value","Pr(>F)"
"dcat",1,473.47416647587,473.47416647587,208.291933939373,4.56044499599505e-43
"twigcat",1,134.801259524982,134.801259524982,59.302105652163,3.21545753911891e-14
"Residuals",1010,2295.85898549398,2.27312770840988,NA,NA
