"","Df","Sum Sq","Mean Sq","F value","Pr(>F)"
"dcat",1,5889.25990014163,5889.25990014163,0.929151975462326,0.335760493044694
"twigcat",1,44871.1429394817,44871.1429394817,7.07934643917976,0.00816315935589358
"Residuals",344,2180381.09927138,6338.31714904471,NA,NA
